sample_id,machine_id,fault_mode,severity,rpm,load_percent,split,provenance
FGOE-00-0000,SIM-RM-00,normal,0.0,2123.956048555963,65.72149078264366,train,ForgeGuard physics-informed generator
FGOE-00-0001,SIM-RM-01,normal,0.0,2208.5979199113826,83.81576203415548,train,ForgeGuard physics-informed generator
FGOE-00-0002,SIM-RM-02,normal,0.0,1444.1773478876496,103.29356461457292,train,ForgeGuard physics-informed generator
FGOE-00-0003,SIM-RM-03,normal,0.0,2111.139701990353,90.02450136938677,train,ForgeGuard physics-informed generator
FGOE-00-0004,SIM-RM-04,normal,0.0,1478.113632675546,66.5270156526897,train,ForgeGuard physics-informed generator
FGOE-00-0005,SIM-RM-05,normal,0.0,1720.7980242325812,99.87354921940212,train,ForgeGuard physics-informed generator
FGOE-00-0006,SIM-RM-06,normal,0.0,1993.8651200806644,92.5933129289581,train,ForgeGuard physics-informed generator
FGOE-00-0007,SIM-RM-07,normal,0.0,1793.4141988273311,50.90671052493438,train,ForgeGuard physics-informed generator
FGOE-00-0008,SIM-RM-08,normal,0.0,1904.5847870158348,39.46720792729227,train,ForgeGuard physics-informed generator
FGOE-00-0009,SIM-RM-09,normal,0.0,2177.631171992582,79.21650793854454,validation,ForgeGuard physics-informed generator
FGOE-00-0010,SIM-RM-10,normal,0.0,2108.0877400853738,59.81681776909079,validation,ForgeGuard physics-informed generator
FGOE-00-0011,SIM-RM-11,normal,0.0,2320.6980243949033,97.51847849255384,test,ForgeGuard physics-informed generator
FGOE-00-0012,SIM-RM-12,normal,0.0,2128.3834970737616,48.62470954963773,test,ForgeGuard physics-informed generator
FGOE-00-0013,SIM-RM-13,normal,0.0,1816.7210037270343,38.066263605106016,test,ForgeGuard physics-informed generator
FGOE-00-0014,SIM-RM-00,normal,0.0,1504.2894920675478,82.81342672697183,train,ForgeGuard physics-informed generator
FGOE-00-0015,SIM-RM-01,normal,0.0,2094.762155907817,102.7256812703947,train,ForgeGuard physics-informed generator
FGOE-00-0016,SIM-RM-02,normal,0.0,1675.8253581381518,60.932179422440825,train,ForgeGuard physics-informed generator
FGOE-00-0017,SIM-RM-03,normal,0.0,1819.5558112758079,48.2629951359,train,ForgeGuard physics-informed generator
FGOE-00-0018,SIM-RM-04,normal,0.0,1479.9215053354717,68.29934483581536,train,ForgeGuard physics-informed generator
FGOE-00-0019,SIM-RM-05,normal,0.0,1576.9093490508842,81.88697962777573,train,ForgeGuard physics-informed generator
FGOE-00-0020,SIM-RM-06,normal,0.0,1787.1519188723307,93.28747372404862,train,ForgeGuard physics-informed generator
FGOE-00-0021,SIM-RM-07,normal,0.0,2050.265102002249,56.86566489674287,train,ForgeGuard physics-informed generator
FGOE-00-0022,SIM-RM-08,normal,0.0,2182.259801395201,91.33350502477613,train,ForgeGuard physics-informed generator
FGOE-00-0023,SIM-RM-09,normal,0.0,1737.4783790301744,55.182967275117086,validation,ForgeGuard physics-informed generator
FGOE-00-0024,SIM-RM-10,normal,0.0,2032.4955039749755,44.78267385265168,validation,ForgeGuard physics-informed generator
FGOE-00-0025,SIM-RM-11,normal,0.0,1549.9082024751083,35.51535888257039,test,ForgeGuard physics-informed generator
FGOE-00-0026,SIM-RM-12,normal,0.0,2136.9243775021387,81.53955996144225,test,ForgeGuard physics-informed generator
FGOE-00-0027,SIM-RM-13,normal,0.0,2055.165378626335,89.65103217153775,test,ForgeGuard physics-informed generator
FGOE-00-0028,SIM-RM-00,normal,0.0,1808.9157755383399,74.81188371670257,train,ForgeGuard physics-informed generator
FGOE-00-0029,SIM-RM-01,normal,0.0,1489.7969981276574,43.01710514751814,train,ForgeGuard physics-informed generator
FGOE-00-0030,SIM-RM-02,normal,0.0,2018.4029617904716,67.97673443001928,train,ForgeGuard physics-informed generator
FGOE-00-0031,SIM-RM-03,normal,0.0,1915.236106481189,88.5499200191218,train,ForgeGuard physics-informed generator
FGOE-00-0032,SIM-RM-04,normal,0.0,1984.7183200005907,73.75055804605971,train,ForgeGuard physics-informed generator
FGOE-00-0033,SIM-RM-05,normal,0.0,1909.2071607454136,56.27650686438285,train,ForgeGuard physics-informed generator
FGOE-00-0034,SIM-RM-06,normal,0.0,1380.8178345679394,65.57021724626537,train,ForgeGuard physics-informed generator
FGOE-00-0035,SIM-RM-07,normal,0.0,1564.5846728195293,63.59700506072453,train,ForgeGuard physics-informed generator
FGOE-00-0036,SIM-RM-08,normal,0.0,2203.4030732681663,51.37576401057385,train,ForgeGuard physics-informed generator
FGOE-00-0037,SIM-RM-09,normal,0.0,1408.3027416890661,54.69687244153975,validation,ForgeGuard physics-informed generator
FGOE-00-0038,SIM-RM-10,normal,0.0,1643.5937577666837,81.33415603088265,validation,ForgeGuard physics-informed generator
FGOE-00-0039,SIM-RM-11,normal,0.0,1907.0321523412783,89.87287463744894,test,ForgeGuard physics-informed generator
FGOE-00-0040,SIM-RM-12,normal,0.0,2014.3135403273875,63.44708030080494,test,ForgeGuard physics-informed generator
FGOE-00-0041,SIM-RM-13,normal,0.0,2164.0203846660347,46.68810439353928,test,ForgeGuard physics-informed generator
FGOE-00-0042,SIM-RM-00,normal,0.0,1372.7120731338605,41.30335025429493,train,ForgeGuard physics-informed generator
FGOE-00-0043,SIM-RM-01,normal,0.0,2072.3593505964504,67.33140611759711,train,ForgeGuard physics-informed generator
FGOE-00-0044,SIM-RM-02,normal,0.0,1511.271779033602,70.07313425723544,train,ForgeGuard physics-informed generator
FGOE-00-0045,SIM-RM-03,normal,0.0,1502.3121027131683,83.74242625544153,train,ForgeGuard physics-informed generator
FGOE-00-0046,SIM-RM-04,normal,0.0,1796.1562755740306,61.67148582675377,train,ForgeGuard physics-informed generator
FGOE-00-0047,SIM-RM-05,normal,0.0,1651.5120891478764,79.11978151832218,train,ForgeGuard physics-informed generator
FGOE-00-0048,SIM-RM-06,normal,0.0,1711.8126105533904,41.13549435212707,train,ForgeGuard physics-informed generator
FGOE-00-0049,SIM-RM-07,normal,0.0,1468.0059021205152,102.33283651846602,train,ForgeGuard physics-informed generator
FGOE-00-0050,SIM-RM-08,normal,0.0,2258.580690707607,83.97949936675246,train,ForgeGuard physics-informed generator
FGOE-00-0051,SIM-RM-09,normal,0.0,1615.8699614595196,102.84234641434067,validation,ForgeGuard physics-informed generator
FGOE-00-0052,SIM-RM-10,normal,0.0,2128.7509039657944,85.18231324112969,validation,ForgeGuard physics-informed generator
FGOE-00-0053,SIM-RM-11,normal,0.0,1799.3615021437886,54.05690932916113,test,ForgeGuard physics-informed generator
FGOE-00-0054,SIM-RM-12,normal,0.0,1446.3909621534992,98.18216775806891,test,ForgeGuard physics-informed generator
FGOE-00-0055,SIM-RM-13,normal,0.0,1805.7762898336111,49.16543553566612,test,ForgeGuard physics-informed generator
FGOE-01-0000,SIM-RM-00,imbalance,0.37374094805746216,1655.9566241506525,75.54536982593271,train,ForgeGuard physics-informed generator
FGOE-01-0001,SIM-RM-01,imbalance,0.7536240691656557,2206.614284092376,88.0963670884647,train,ForgeGuard physics-informed generator
FGOE-01-0002,SIM-RM-02,imbalance,0.6588685782389149,1782.0930397751038,78.91161884917102,train,ForgeGuard physics-informed generator
FGOE-01-0003,SIM-RM-03,imbalance,0.5410651815194267,1999.8466015548202,40.911102479792234,train,ForgeGuard physics-informed generator
FGOE-01-0004,SIM-RM-04,imbalance,0.48090284863294974,1391.6141738618926,69.57935734711633,train,ForgeGuard physics-informed generator
FGOE-01-0005,SIM-RM-05,imbalance,0.6613512005243984,1494.5241888660469,42.238207740578616,train,ForgeGuard physics-informed generator
FGOE-01-0006,SIM-RM-06,imbalance,0.6567427977902764,1520.592968536886,99.7584082863758,train,ForgeGuard physics-informed generator
FGOE-01-0007,SIM-RM-07,imbalance,0.2659627097207882,1696.869804534837,76.36408440369917,train,ForgeGuard physics-informed generator
FGOE-01-0008,SIM-RM-08,imbalance,0.7979146590752003,2308.5592132414454,68.76124058600303,train,ForgeGuard physics-informed generator
FGOE-01-0009,SIM-RM-09,imbalance,0.5934948960481646,1432.7299999224385,69.06608315867123,validation,ForgeGuard physics-informed generator
FGOE-01-0010,SIM-RM-10,imbalance,0.5814425807398677,2287.826454974983,75.02096366632529,validation,ForgeGuard physics-informed generator
FGOE-01-0011,SIM-RM-11,imbalance,0.6144706817300765,1616.9756630918937,58.20982981397866,test,ForgeGuard physics-informed generator
FGOE-01-0012,SIM-RM-12,imbalance,0.8284043469360505,1788.9114603050466,36.51284559162313,test,ForgeGuard physics-informed generator
FGOE-01-0013,SIM-RM-13,imbalance,0.6378253004773345,2246.1607718397668,44.817436229902754,test,ForgeGuard physics-informed generator
FGOE-01-0014,SIM-RM-00,imbalance,0.4468636486873058,1458.5757411354436,82.05680651278682,train,ForgeGuard physics-informed generator
FGOE-01-0015,SIM-RM-01,imbalance,0.7880532443423599,2009.4226346919017,85.88962300008178,train,ForgeGuard physics-informed generator
FGOE-01-0016,SIM-RM-02,imbalance,0.41114979362641657,1457.7409459558967,99.12082915963255,train,ForgeGuard physics-informed generator
FGOE-01-0017,SIM-RM-03,imbalance,0.5096455987037072,1387.4125561761798,73.83967285740383,train,ForgeGuard physics-informed generator
FGOE-01-0018,SIM-RM-04,imbalance,0.4719972249759007,2179.789743132413,91.57760304450113,train,ForgeGuard physics-informed generator
FGOE-01-0019,SIM-RM-05,imbalance,0.6105399904622002,2302.899395069745,55.364248669808305,train,ForgeGuard physics-informed generator
FGOE-01-0020,SIM-RM-06,imbalance,0.3652254723074127,1605.9650905676028,100.52304990342743,train,ForgeGuard physics-informed generator
FGOE-01-0021,SIM-RM-07,imbalance,0.9446628948390859,1394.910619392329,65.45679420021266,train,ForgeGuard physics-informed generator
FGOE-01-0022,SIM-RM-08,imbalance,0.8735547436149673,2241.677266254914,87.40256136198644,train,ForgeGuard physics-informed generator
FGOE-01-0023,SIM-RM-09,imbalance,0.4711503362815551,2243.4466396978632,71.32008522705144,validation,ForgeGuard physics-informed generator
FGOE-01-0024,SIM-RM-10,imbalance,0.511560410211597,2122.012432110988,81.31628842174328,validation,ForgeGuard physics-informed generator
FGOE-01-0025,SIM-RM-11,imbalance,0.43372236114600526,1444.4666680615153,87.27527279443183,test,ForgeGuard physics-informed generator
FGOE-01-0026,SIM-RM-12,imbalance,0.33593055268804023,2286.813150533779,51.867940250397936,test,ForgeGuard physics-informed generator
FGOE-01-0027,SIM-RM-13,imbalance,0.37548781571041734,2181.112672124906,45.729902163714584,test,ForgeGuard physics-informed generator
FGOE-01-0028,SIM-RM-00,imbalance,0.38750426600020127,1949.3827915208435,96.21934285862251,train,ForgeGuard physics-informed generator
FGOE-01-0029,SIM-RM-01,imbalance,0.9302784982426772,1660.3236729000948,89.41833867688243,train,ForgeGuard physics-informed generator
FGOE-01-0030,SIM-RM-02,imbalance,0.2597554013957411,1850.7411862023423,45.07282517858755,train,ForgeGuard physics-informed generator
FGOE-01-0031,SIM-RM-03,imbalance,0.7243610715290002,1579.6560299988553,44.22755524505647,train,ForgeGuard physics-informed generator
FGOE-01-0032,SIM-RM-04,imbalance,0.7359837049500205,1471.832504628531,70.44309521344431,train,ForgeGuard physics-informed generator
FGOE-01-0033,SIM-RM-05,imbalance,0.8128871683275839,1931.1166092209023,48.98429561620404,train,ForgeGuard physics-informed generator
FGOE-01-0034,SIM-RM-06,imbalance,0.3417404260901193,2065.4071296158018,86.72888027408791,train,ForgeGuard physics-informed generator
FGOE-01-0035,SIM-RM-07,imbalance,0.5283047356774584,1473.7538036503447,99.92937857045554,train,ForgeGuard physics-informed generator
FGOE-01-0036,SIM-RM-08,imbalance,0.7140049489345077,1650.9486917809397,69.20088317460733,train,ForgeGuard physics-informed generator
FGOE-01-0037,SIM-RM-09,imbalance,0.8973659005184189,2305.62325704697,55.05123588174385,validation,ForgeGuard physics-informed generator
FGOE-01-0038,SIM-RM-10,imbalance,0.6937825781767595,1374.8594913862564,73.86386296287773,validation,ForgeGuard physics-informed generator
FGOE-01-0039,SIM-RM-11,imbalance,0.5433800235214127,1455.8974037507533,44.823771794473885,test,ForgeGuard physics-informed generator
FGOE-01-0040,SIM-RM-12,imbalance,0.9031162551201478,2316.231912143182,76.7229787264061,test,ForgeGuard physics-informed generator
FGOE-01-0041,SIM-RM-13,imbalance,0.7993344144765312,2154.3609156129705,67.71671210887041,test,ForgeGuard physics-informed generator
FGOE-01-0042,SIM-RM-00,imbalance,0.8306000304179154,1367.8367839769878,42.64007977360144,train,ForgeGuard physics-informed generator
FGOE-01-0043,SIM-RM-01,imbalance,0.6215387134193374,2146.817088325162,51.28485193765036,train,ForgeGuard physics-informed generator
FGOE-01-0044,SIM-RM-02,imbalance,0.672175010137108,1956.0158207000109,95.74172676432079,train,ForgeGuard physics-informed generator
FGOE-01-0045,SIM-RM-03,imbalance,0.5481174604614569,1762.5715692736803,61.192883038502785,train,ForgeGuard physics-informed generator
FGOE-01-0046,SIM-RM-04,imbalance,0.5677278174534097,2001.9310255799742,95.72434422266275,train,ForgeGuard physics-informed generator
FGOE-01-0047,SIM-RM-05,imbalance,0.7722099961704124,1597.8395629513582,51.56636540983068,train,ForgeGuard physics-informed generator
FGOE-01-0048,SIM-RM-06,imbalance,0.2965911998686247,2166.5687634239102,42.369465589788746,train,ForgeGuard physics-informed generator
FGOE-01-0049,SIM-RM-07,imbalance,0.8272649333194388,1944.4336637564518,45.23212709348888,train,ForgeGuard physics-informed generator
FGOE-01-0050,SIM-RM-08,imbalance,0.8946793307412151,1660.3346739240744,45.07103530797998,train,ForgeGuard physics-informed generator
FGOE-01-0051,SIM-RM-09,imbalance,0.35752937663444107,1515.5317227352782,54.930405763655486,validation,ForgeGuard physics-informed generator
FGOE-01-0052,SIM-RM-10,imbalance,0.28877678641498206,1465.490063665355,36.4803611435508,validation,ForgeGuard physics-informed generator
FGOE-01-0053,SIM-RM-11,imbalance,0.6638006712776798,1524.6414709358528,38.73673528390228,test,ForgeGuard physics-informed generator
FGOE-01-0054,SIM-RM-12,imbalance,0.4725937678664346,2030.7145267995065,62.554131978241976,test,ForgeGuard physics-informed generator
FGOE-01-0055,SIM-RM-13,imbalance,0.8457921387755442,1854.5262370222301,96.25034595642259,test,ForgeGuard physics-informed generator
FGOE-02-0000,SIM-RM-00,misalignment,0.4157214097730772,1393.475062012792,47.704888671756684,train,ForgeGuard physics-informed generator
FGOE-02-0001,SIM-RM-01,misalignment,0.5413836979922346,1599.387575832212,74.98628562199409,train,ForgeGuard physics-informed generator
FGOE-02-0002,SIM-RM-02,misalignment,0.616627064102346,1399.254119927594,61.15298969217001,train,ForgeGuard physics-informed generator
FGOE-02-0003,SIM-RM-03,misalignment,0.28637330652557297,1451.671902903716,93.34209876519918,train,ForgeGuard physics-informed generator
FGOE-02-0004,SIM-RM-04,misalignment,0.8405024661184269,2274.841869018062,41.93791991059128,train,ForgeGuard physics-informed generator
FGOE-02-0005,SIM-RM-05,misalignment,0.8114181161915155,2252.653143927617,103.56994764106149,train,ForgeGuard physics-informed generator
FGOE-02-0006,SIM-RM-06,misalignment,0.7952974482046903,2129.4775407713287,79.97382931968833,train,ForgeGuard physics-informed generator
FGOE-02-0007,SIM-RM-07,misalignment,0.6099560091332901,1484.5522084131471,72.52476251633462,train,ForgeGuard physics-informed generator
FGOE-02-0008,SIM-RM-08,misalignment,0.5195626472702475,2207.572144122558,67.39595559154611,train,ForgeGuard physics-informed generator
FGOE-02-0009,SIM-RM-09,misalignment,0.3478378876677698,1989.5632712371103,53.65243222505923,validation,ForgeGuard physics-informed generator
FGOE-02-0010,SIM-RM-10,misalignment,0.4127989583702116,1827.877274023746,64.18225580164196,validation,ForgeGuard physics-informed generator
FGOE-02-0011,SIM-RM-11,misalignment,0.4792468950887818,1717.511810115128,60.64747148783732,test,ForgeGuard physics-informed generator
FGOE-02-0012,SIM-RM-12,misalignment,0.45781353219989973,1729.464079726929,83.00203418191617,test,ForgeGuard physics-informed generator
FGOE-02-0013,SIM-RM-13,misalignment,0.586637299810055,2298.8579267153405,99.14436136767246,test,ForgeGuard physics-informed generator
FGOE-02-0014,SIM-RM-00,misalignment,0.8439923421415372,1678.3612050046888,72.48043528810021,train,ForgeGuard physics-informed generator
FGOE-02-0015,SIM-RM-01,misalignment,0.6229055932460181,2002.587340560102,91.30742795629541,train,ForgeGuard physics-informed generator
FGOE-02-0016,SIM-RM-02,misalignment,0.7644252136172035,1982.9176292676207,55.17089299277232,train,ForgeGuard physics-informed generator
FGOE-02-0017,SIM-RM-03,misalignment,0.8525033478281258,1552.4045931257183,83.63586901729488,train,ForgeGuard physics-informed generator
FGOE-02-0018,SIM-RM-04,misalignment,0.31656702376095425,1482.102837301544,78.00658183793439,train,ForgeGuard physics-informed generator
FGOE-02-0019,SIM-RM-05,misalignment,0.9051578758904382,2075.715628271427,40.914525317646415,train,ForgeGuard physics-informed generator
FGOE-02-0020,SIM-RM-06,misalignment,0.8106189232595676,1487.407930037802,102.12161721363563,train,ForgeGuard physics-informed generator
FGOE-02-0021,SIM-RM-07,misalignment,0.8065803872881601,1943.682004466354,89.78368732406828,train,ForgeGuard physics-informed generator
FGOE-02-0022,SIM-RM-08,misalignment,0.6630531267508164,2296.0270628173303,52.73683476874311,train,ForgeGuard physics-informed generator
FGOE-02-0023,SIM-RM-09,misalignment,0.36990391286495217,1445.0491975644013,78.1315990016885,validation,ForgeGuard physics-informed generator
FGOE-02-0024,SIM-RM-10,misalignment,0.5761896070868591,1914.9506114724418,75.07013598236948,validation,ForgeGuard physics-informed generator
FGOE-02-0025,SIM-RM-11,misalignment,0.8094713015584466,1872.6317755131226,88.47463730046115,test,ForgeGuard physics-informed generator
FGOE-02-0026,SIM-RM-12,misalignment,0.9018653649830712,1842.1532155754292,76.97154090658286,test,ForgeGuard physics-informed generator
FGOE-02-0027,SIM-RM-13,misalignment,0.3113963083375379,1469.7335885011228,43.197249613007735,test,ForgeGuard physics-informed generator
FGOE-02-0028,SIM-RM-00,misalignment,0.7920249912992903,2007.863285040528,64.30258105532656,train,ForgeGuard physics-informed generator
FGOE-02-0029,SIM-RM-01,misalignment,0.878856583153075,2021.2314133085924,58.35464308297667,train,ForgeGuard physics-informed generator
FGOE-02-0030,SIM-RM-02,misalignment,0.5049344124404378,2112.532147070652,53.9374458637123,train,ForgeGuard physics-informed generator
FGOE-02-0031,SIM-RM-03,misalignment,0.3534483607795341,1664.4399802042628,46.03281540374998,train,ForgeGuard physics-informed generator
FGOE-02-0032,SIM-RM-04,misalignment,0.5183238759441868,2286.127463375744,65.65328260391273,train,ForgeGuard physics-informed generator
FGOE-02-0033,SIM-RM-05,misalignment,0.9052979907869235,2079.685708677378,73.709514567703,train,ForgeGuard physics-informed generator
FGOE-02-0034,SIM-RM-06,misalignment,0.5134516314365783,2130.3014939093923,68.55586948871783,train,ForgeGuard physics-informed generator
FGOE-02-0035,SIM-RM-07,misalignment,0.9158362620026888,2336.631544924322,85.24321652025505,train,ForgeGuard physics-informed generator
FGOE-02-0036,SIM-RM-08,misalignment,0.6959517187938453,1468.4785772170414,94.53735754335477,train,ForgeGuard physics-informed generator
FGOE-02-0037,SIM-RM-09,misalignment,0.7302674555738141,1471.9216783351126,76.17805999784545,validation,ForgeGuard physics-informed generator
FGOE-02-0038,SIM-RM-10,misalignment,0.8277796578374248,1362.3026858886028,66.80225732892225,validation,ForgeGuard physics-informed generator
FGOE-02-0039,SIM-RM-11,misalignment,0.5596198889475252,1645.3590253440898,67.09836572589857,test,ForgeGuard physics-informed generator
FGOE-02-0040,SIM-RM-12,misalignment,0.7969058248020611,1651.9273914424916,99.2909326860888,test,ForgeGuard physics-informed generator
FGOE-02-0041,SIM-RM-13,misalignment,0.8654400170154216,1460.5884109961105,104.79242604863012,test,ForgeGuard physics-informed generator
FGOE-02-0042,SIM-RM-00,misalignment,0.324493672309968,1633.908437864039,93.58276057626568,train,ForgeGuard physics-informed generator
FGOE-02-0043,SIM-RM-01,misalignment,0.7050875108911578,2349.1047304742387,81.59793152745758,train,ForgeGuard physics-informed generator
FGOE-02-0044,SIM-RM-02,misalignment,0.2702996522431286,1440.4407269841327,97.79233792276378,train,ForgeGuard physics-informed generator
FGOE-02-0045,SIM-RM-03,misalignment,0.793737558484553,1590.828058041147,45.01153126166445,train,ForgeGuard physics-informed generator
FGOE-02-0046,SIM-RM-04,misalignment,0.7093883275292431,1548.2042272128979,98.74467589916196,train,ForgeGuard physics-informed generator
FGOE-02-0047,SIM-RM-05,misalignment,0.2861605419100792,1386.1627104946963,35.38008838900903,train,ForgeGuard physics-informed generator
FGOE-02-0048,SIM-RM-06,misalignment,0.41698697443917193,1955.9251776477277,91.10372676015908,train,ForgeGuard physics-informed generator
FGOE-02-0049,SIM-RM-07,misalignment,0.8106746975491733,2199.408842923073,39.00623581072823,train,ForgeGuard physics-informed generator
FGOE-02-0050,SIM-RM-08,misalignment,0.738684548785046,2277.7954301722802,89.04758793730664,train,ForgeGuard physics-informed generator
FGOE-02-0051,SIM-RM-09,misalignment,0.39124747750333877,2187.980218655383,37.81059096829465,validation,ForgeGuard physics-informed generator
FGOE-02-0052,SIM-RM-10,misalignment,0.7716316898301911,1474.923679305643,70.31716931350905,validation,ForgeGuard physics-informed generator
FGOE-02-0053,SIM-RM-11,misalignment,0.3586490947087636,1980.0118445763987,94.57917698333546,test,ForgeGuard physics-informed generator
FGOE-02-0054,SIM-RM-12,misalignment,0.43953112592246013,2084.6210919351615,48.512904360823285,test,ForgeGuard physics-informed generator
FGOE-02-0055,SIM-RM-13,misalignment,0.6780805241839487,2059.904697281304,103.61433494290773,test,ForgeGuard physics-informed generator
FGOE-03-0000,SIM-RM-00,outer_race,0.27964538610611694,1404.5003149912957,78.1416278949273,train,ForgeGuard physics-informed generator
FGOE-03-0001,SIM-RM-01,outer_race,0.3711894924957523,2234.145711366817,84.67047995704345,train,ForgeGuard physics-informed generator
FGOE-03-0002,SIM-RM-02,outer_race,0.9360190256879347,1441.721005824198,47.84732602162233,train,ForgeGuard physics-informed generator
FGOE-03-0003,SIM-RM-03,outer_race,0.6954858394754437,1808.5606424584898,89.88566638389855,train,ForgeGuard physics-informed generator
FGOE-03-0004,SIM-RM-04,outer_race,0.9122171174906665,1922.4131499586374,45.15911782655348,train,ForgeGuard physics-informed generator
FGOE-03-0005,SIM-RM-05,outer_race,0.7398431612123462,1651.342632514718,75.46120510652796,train,ForgeGuard physics-informed generator
FGOE-03-0006,SIM-RM-06,outer_race,0.3539072929440406,1999.2331552453088,100.84160867868628,train,ForgeGuard physics-informed generator
FGOE-03-0007,SIM-RM-07,outer_race,0.5819181106378326,1858.352738446942,63.28240735185362,train,ForgeGuard physics-informed generator
FGOE-03-0008,SIM-RM-08,outer_race,0.44465288204688014,1469.2175261977445,44.38662269109358,train,ForgeGuard physics-informed generator
FGOE-03-0009,SIM-RM-09,outer_race,0.6776912829256398,1654.7046037608313,64.9532249576945,validation,ForgeGuard physics-informed generator
FGOE-03-0010,SIM-RM-10,outer_race,0.536148176600088,1984.629117418263,63.826762760989915,validation,ForgeGuard physics-informed generator
FGOE-03-0011,SIM-RM-11,outer_race,0.4719286379220665,1567.628526696962,76.18143738863057,test,ForgeGuard physics-informed generator
FGOE-03-0012,SIM-RM-12,outer_race,0.5818928725631192,1386.0598342773637,64.28800309098023,test,ForgeGuard physics-informed generator
FGOE-03-0013,SIM-RM-13,outer_race,0.6460403303023446,1575.592868204211,75.0720553185481,test,ForgeGuard physics-informed generator
FGOE-03-0014,SIM-RM-00,outer_race,0.7067031395647221,2052.0021811103716,80.3563937540847,train,ForgeGuard physics-informed generator
FGOE-03-0015,SIM-RM-01,outer_race,0.6344010685197756,1666.214151824043,90.12025553901677,train,ForgeGuard physics-informed generator
FGOE-03-0016,SIM-RM-02,outer_race,0.502460134115178,1781.41819517989,78.82087366587399,train,ForgeGuard physics-informed generator
FGOE-03-0017,SIM-RM-03,outer_race,0.8704820207065953,1862.7392446067583,86.56939819375542,train,ForgeGuard physics-informed generator
FGOE-03-0018,SIM-RM-04,outer_race,0.6141925803183983,2271.0571972951916,70.25430476281694,train,ForgeGuard physics-informed generator
FGOE-03-0019,SIM-RM-05,outer_race,0.836167653641548,2149.8704107638364,57.01154842209409,train,ForgeGuard physics-informed generator
FGOE-03-0020,SIM-RM-06,outer_race,0.3004414029510606,1844.1416465174234,43.10997070346879,train,ForgeGuard physics-informed generator
FGOE-03-0021,SIM-RM-07,outer_race,0.44642800529355914,2191.993211039463,38.88975418348145,train,ForgeGuard physics-informed generator
FGOE-03-0022,SIM-RM-08,outer_race,0.46972535886139244,1684.1300405015459,47.109611163411564,train,ForgeGuard physics-informed generator
FGOE-03-0023,SIM-RM-09,outer_race,0.8290213971644804,2092.6925667250857,36.02779904920495,validation,ForgeGuard physics-informed generator
FGOE-03-0024,SIM-RM-10,outer_race,0.35752902934244435,2206.548023574558,61.058310123408376,validation,ForgeGuard physics-informed generator
FGOE-03-0025,SIM-RM-11,outer_race,0.5054435527547767,1950.8404079450809,43.37707891054261,test,ForgeGuard physics-informed generator
FGOE-03-0026,SIM-RM-12,outer_race,0.7904734239482099,2308.4291809009724,104.6825130808546,test,ForgeGuard physics-informed generator
FGOE-03-0027,SIM-RM-13,outer_race,0.7437844558388089,1660.9615099207663,83.13655344162648,test,ForgeGuard physics-informed generator
FGOE-03-0028,SIM-RM-00,outer_race,0.2575093514829734,1737.8416951636498,79.86220442103115,train,ForgeGuard physics-informed generator
FGOE-03-0029,SIM-RM-01,outer_race,0.3646259129808071,1559.0576586022414,71.75618120770828,train,ForgeGuard physics-informed generator
FGOE-03-0030,SIM-RM-02,outer_race,0.9423931018785238,1515.9068678765336,93.54130033851666,train,ForgeGuard physics-informed generator
FGOE-03-0031,SIM-RM-03,outer_race,0.9432251650283907,1905.9694280284484,93.73488116171994,train,ForgeGuard physics-informed generator
FGOE-03-0032,SIM-RM-04,outer_race,0.524800901089344,1491.5958885687746,66.37719292780457,train,ForgeGuard physics-informed generator
FGOE-03-0033,SIM-RM-05,outer_race,0.553645319125815,1430.049283646185,87.87311209563211,train,ForgeGuard physics-informed generator
FGOE-03-0034,SIM-RM-06,outer_race,0.3766486565616077,1819.3269341904013,45.54710816692681,train,ForgeGuard physics-informed generator
FGOE-03-0035,SIM-RM-07,outer_race,0.41299659946059436,2257.103622156215,38.12543622819952,train,ForgeGuard physics-informed generator
FGOE-03-0036,SIM-RM-08,outer_race,0.6605116211103571,1642.0593303145283,69.31382796811104,train,ForgeGuard physics-informed generator
FGOE-03-0037,SIM-RM-09,outer_race,0.4205672178389995,1843.2899758506665,40.88807341898174,validation,ForgeGuard physics-informed generator
FGOE-03-0038,SIM-RM-10,outer_race,0.704404335093992,2193.588384762541,79.63120903349213,validation,ForgeGuard physics-informed generator
FGOE-03-0039,SIM-RM-11,outer_race,0.2906759372050131,2020.203255351355,88.40321133276703,test,ForgeGuard physics-informed generator
FGOE-03-0040,SIM-RM-12,outer_race,0.4869195383081282,1716.6083849326124,72.76692046831751,test,ForgeGuard physics-informed generator
FGOE-03-0041,SIM-RM-13,outer_race,0.7880393126215653,2194.4788732871866,68.78007560111058,test,ForgeGuard physics-informed generator
FGOE-03-0042,SIM-RM-00,outer_race,0.8866865707099449,2202.015516881169,70.33540380324487,train,ForgeGuard physics-informed generator
FGOE-03-0043,SIM-RM-01,outer_race,0.48841355691406696,1937.1239405369806,94.51920091836053,train,ForgeGuard physics-informed generator
FGOE-03-0044,SIM-RM-02,outer_race,0.3234858011272494,1848.8169585314852,72.19877287032044,train,ForgeGuard physics-informed generator
FGOE-03-0045,SIM-RM-03,outer_race,0.6915825682553196,1748.5525067015406,99.21363707861732,train,ForgeGuard physics-informed generator
FGOE-03-0046,SIM-RM-04,outer_race,0.38412210676388986,1527.5065824369674,58.71989449267235,train,ForgeGuard physics-informed generator
FGOE-03-0047,SIM-RM-05,outer_race,0.56374512977981,1374.8231317985726,99.92223209528187,train,ForgeGuard physics-informed generator
FGOE-03-0048,SIM-RM-06,outer_race,0.2551201194051109,1657.535072420786,76.89340340904155,train,ForgeGuard physics-informed generator
FGOE-03-0049,SIM-RM-07,outer_race,0.6936388411484841,1628.022106600814,84.21234259892248,train,ForgeGuard physics-informed generator
FGOE-03-0050,SIM-RM-08,outer_race,0.5842541115394129,2331.8059475425353,78.42503967606308,train,ForgeGuard physics-informed generator
FGOE-03-0051,SIM-RM-09,outer_race,0.7544871627028461,2111.4325631840074,98.23295103748372,validation,ForgeGuard physics-informed generator
FGOE-03-0052,SIM-RM-10,outer_race,0.8567610067833484,2313.2112235493796,89.74036195167241,validation,ForgeGuard physics-informed generator
FGOE-03-0053,SIM-RM-11,outer_race,0.5580620896691579,1464.1040711836372,86.26894520956515,test,ForgeGuard physics-informed generator
FGOE-03-0054,SIM-RM-12,outer_race,0.9288705816938986,1903.1038024112752,80.78716866376497,test,ForgeGuard physics-informed generator
FGOE-03-0055,SIM-RM-13,outer_race,0.7636274482065413,2334.5780814316245,55.17597718415337,test,ForgeGuard physics-informed generator
FGOE-04-0000,SIM-RM-00,inner_race,0.3367088424049547,2099.9835379352685,59.254500291913416,train,ForgeGuard physics-informed generator
FGOE-04-0001,SIM-RM-01,inner_race,0.5927898192718342,1390.9469602857198,89.41401892704249,train,ForgeGuard physics-informed generator
FGOE-04-0002,SIM-RM-02,inner_race,0.9345418853516881,2335.540169494926,67.54814193355571,train,ForgeGuard physics-informed generator
FGOE-04-0003,SIM-RM-03,inner_race,0.30937349061828245,1761.5760021940598,90.55775053919808,train,ForgeGuard physics-informed generator
FGOE-04-0004,SIM-RM-04,inner_race,0.897291167053922,1905.461710137764,91.1441850890007,train,ForgeGuard physics-informed generator
FGOE-04-0005,SIM-RM-05,inner_race,0.5108916389147139,2172.5830906174315,37.5879509040822,train,ForgeGuard physics-informed generator
FGOE-04-0006,SIM-RM-06,inner_race,0.7227139400672389,1398.6984723138512,42.64976037801906,train,ForgeGuard physics-informed generator
FGOE-04-0007,SIM-RM-07,inner_race,0.8558195836389639,2063.258196311698,89.16044779261384,train,ForgeGuard physics-informed generator
FGOE-04-0008,SIM-RM-08,inner_race,0.28427459687629547,2089.43146847651,91.06101144746424,train,ForgeGuard physics-informed generator
FGOE-04-0009,SIM-RM-09,inner_race,0.8506877132373761,1584.5351504412986,78.5328441362672,validation,ForgeGuard physics-informed generator
FGOE-04-0010,SIM-RM-10,inner_race,0.724101179555078,1354.5001249396591,71.02405394814448,validation,ForgeGuard physics-informed generator
FGOE-04-0011,SIM-RM-11,inner_race,0.8769444169685877,1379.6072891286133,63.09488902873716,test,ForgeGuard physics-informed generator
FGOE-04-0012,SIM-RM-12,inner_race,0.8469467907423388,2021.6128088558587,51.63608543524181,test,ForgeGuard physics-informed generator
FGOE-04-0013,SIM-RM-13,inner_race,0.4592605557832339,1698.0314234095144,94.73412698008417,test,ForgeGuard physics-informed generator
FGOE-04-0014,SIM-RM-00,inner_race,0.4423775355285469,1940.3202508831491,62.78580474234839,train,ForgeGuard physics-informed generator
FGOE-04-0015,SIM-RM-01,inner_race,0.30936811386503416,2236.557562171869,48.13155773576439,train,ForgeGuard physics-informed generator
FGOE-04-0016,SIM-RM-02,inner_race,0.8152021241833972,1691.9269385456605,85.23474033490973,train,ForgeGuard physics-informed generator
FGOE-04-0017,SIM-RM-03,inner_race,0.5355593657918976,2348.743370066765,55.74534399078154,train,ForgeGuard physics-informed generator
FGOE-04-0018,SIM-RM-04,inner_race,0.948306026084042,1486.8212780296262,75.24103507361235,train,ForgeGuard physics-informed generator
FGOE-04-0019,SIM-RM-05,inner_race,0.5246583650452558,2050.8810101206586,76.66489882893603,train,ForgeGuard physics-informed generator
FGOE-04-0020,SIM-RM-06,inner_race,0.34405683931914305,2265.2987602855546,69.78416172912446,train,ForgeGuard physics-informed generator
FGOE-04-0021,SIM-RM-07,inner_race,0.39138532638214707,1715.3784631991334,39.701666819343686,train,ForgeGuard physics-informed generator
FGOE-04-0022,SIM-RM-08,inner_race,0.694178185466258,1367.6687809999123,66.72959415501144,train,ForgeGuard physics-informed generator
FGOE-04-0023,SIM-RM-09,inner_race,0.9214464909912031,1693.2924623789077,64.4267240053694,validation,ForgeGuard physics-informed generator
FGOE-04-0024,SIM-RM-10,inner_race,0.4491786125782776,2101.9631215749155,72.85996458614659,validation,ForgeGuard physics-informed generator
FGOE-04-0025,SIM-RM-11,inner_race,0.47773991136167393,2246.996798772995,51.456798181646164,test,ForgeGuard physics-informed generator
FGOE-04-0026,SIM-RM-12,inner_race,0.7696225645925836,2259.0648144229485,72.06794386995506,test,ForgeGuard physics-informed generator
FGOE-04-0027,SIM-RM-13,inner_race,0.45956830406037785,1940.744794163766,80.74074463066466,test,ForgeGuard physics-informed generator
FGOE-04-0028,SIM-RM-00,inner_race,0.35880909485839574,1591.3720616266628,57.57446430180657,train,ForgeGuard physics-informed generator
FGOE-04-0029,SIM-RM-01,inner_race,0.6430425760900692,2224.3143652908075,54.82728532750799,train,ForgeGuard physics-informed generator
FGOE-04-0030,SIM-RM-02,inner_race,0.556870381008935,2141.974425141374,89.86768765629995,train,ForgeGuard physics-informed generator
FGOE-04-0031,SIM-RM-03,inner_race,0.7222182338853168,1826.2573085867257,104.62912242545174,train,ForgeGuard physics-informed generator
FGOE-04-0032,SIM-RM-04,inner_race,0.8013128853605374,2164.6384431178826,98.17877784534623,train,ForgeGuard physics-informed generator
FGOE-04-0033,SIM-RM-05,inner_race,0.3213259101201814,1535.1793449535676,74.35195136163006,train,ForgeGuard physics-informed generator
FGOE-04-0034,SIM-RM-06,inner_race,0.6089124450100779,2002.9221265639985,101.87445997314677,train,ForgeGuard physics-informed generator
FGOE-04-0035,SIM-RM-07,inner_race,0.9218421656304542,1782.9724928677672,37.50899259927142,train,ForgeGuard physics-informed generator
FGOE-04-0036,SIM-RM-08,inner_race,0.4222466280534569,1453.0026841301587,37.875536531339286,train,ForgeGuard physics-informed generator
FGOE-04-0037,SIM-RM-09,inner_race,0.6112614608799787,1415.5304339183824,66.85824896882336,validation,ForgeGuard physics-informed generator
FGOE-04-0038,SIM-RM-10,inner_race,0.3281202577744587,1662.569949028584,38.56723378024202,validation,ForgeGuard physics-informed generator
FGOE-04-0039,SIM-RM-11,inner_race,0.7387328079269393,1734.5043779899281,39.23699155785753,test,ForgeGuard physics-informed generator
FGOE-04-0040,SIM-RM-12,inner_race,0.5258880440246683,1557.020541524812,56.145009814854696,test,ForgeGuard physics-informed generator
FGOE-04-0041,SIM-RM-13,inner_race,0.3284492596990883,1766.609633069148,35.11624953723604,test,ForgeGuard physics-informed generator
FGOE-04-0042,SIM-RM-00,inner_race,0.6057171490690125,2212.764563740878,35.08631437583357,train,ForgeGuard physics-informed generator
FGOE-04-0043,SIM-RM-01,inner_race,0.5519289141025148,1839.502006507208,58.31659127074465,train,ForgeGuard physics-informed generator
FGOE-04-0044,SIM-RM-02,inner_race,0.432243980390675,2130.5811375265844,93.88425943504694,train,ForgeGuard physics-informed generator
FGOE-04-0045,SIM-RM-03,inner_race,0.5859043803857455,1672.49044096773,51.97379971198329,train,ForgeGuard physics-informed generator
FGOE-04-0046,SIM-RM-04,inner_race,0.4815150194384067,2033.2583576588129,50.97770128243944,train,ForgeGuard physics-informed generator
FGOE-04-0047,SIM-RM-05,inner_race,0.5725387236676963,2280.3846175891504,38.399850289287066,train,ForgeGuard physics-informed generator
FGOE-04-0048,SIM-RM-06,inner_race,0.2831618140038373,2061.558041596778,45.53178080902318,train,ForgeGuard physics-informed generator
FGOE-04-0049,SIM-RM-07,inner_race,0.2564818472747864,1488.2053716385308,99.3176235471478,train,ForgeGuard physics-informed generator
FGOE-04-0050,SIM-RM-08,inner_race,0.3274406272935423,1538.3219748113518,37.18984590311512,train,ForgeGuard physics-informed generator
FGOE-04-0051,SIM-RM-09,inner_race,0.6484484353014737,1970.1492866282963,51.91472361173601,validation,ForgeGuard physics-informed generator
FGOE-04-0052,SIM-RM-10,inner_race,0.25331897503831174,1940.1953827661262,94.46047331628453,validation,ForgeGuard physics-informed generator
FGOE-04-0053,SIM-RM-11,inner_race,0.3639204402734703,2203.369459342367,78.33833604988817,test,ForgeGuard physics-informed generator
FGOE-04-0054,SIM-RM-12,inner_race,0.42798443862791014,2122.937388135284,94.88440792534101,test,ForgeGuard physics-informed generator
FGOE-04-0055,SIM-RM-13,inner_race,0.672397118033325,2268.793680902681,66.81202012090606,test,ForgeGuard physics-informed generator
FGOE-05-0000,SIM-RM-00,ball,0.819211542074079,2334.6495336176436,60.30752550474395,train,ForgeGuard physics-informed generator
FGOE-05-0001,SIM-RM-01,ball,0.6705137432038497,1668.3991178284596,90.94494655690437,train,ForgeGuard physics-informed generator
FGOE-05-0002,SIM-RM-02,ball,0.4723449440544931,1566.3556952254014,63.98182656524655,train,ForgeGuard physics-informed generator
FGOE-05-0003,SIM-RM-03,ball,0.4925350587850266,1428.1083930803638,37.08843390697882,train,ForgeGuard physics-informed generator
FGOE-05-0004,SIM-RM-04,ball,0.7576283245956081,1369.0341478174867,46.58414303072425,train,ForgeGuard physics-informed generator
FGOE-05-0005,SIM-RM-05,ball,0.47200721979098514,2058.091235683588,86.70062705201678,train,ForgeGuard physics-informed generator
FGOE-05-0006,SIM-RM-06,ball,0.33821843922263856,2240.0194571176953,76.56813836199133,train,ForgeGuard physics-informed generator
FGOE-05-0007,SIM-RM-07,ball,0.3710607555094546,1493.7186614555342,83.5166798850791,train,ForgeGuard physics-informed generator
FGOE-05-0008,SIM-RM-08,ball,0.25280532331333766,1857.2927015820433,104.42421331500975,train,ForgeGuard physics-informed generator
FGOE-05-0009,SIM-RM-09,ball,0.6592471838939158,1366.579801897557,104.51592073513545,validation,ForgeGuard physics-informed generator
FGOE-05-0010,SIM-RM-10,ball,0.8662662100893845,1476.9099755185132,97.81115398278655,validation,ForgeGuard physics-informed generator
FGOE-05-0011,SIM-RM-11,ball,0.4412310340506134,1886.2004131113754,78.52544209025297,test,ForgeGuard physics-informed generator
FGOE-05-0012,SIM-RM-12,ball,0.4563286352419341,1400.5196963720052,76.6197326223605,test,ForgeGuard physics-informed generator
FGOE-05-0013,SIM-RM-13,ball,0.2627123807400548,2013.621046660352,93.53716237898209,test,ForgeGuard physics-informed generator
FGOE-05-0014,SIM-RM-00,ball,0.8617219485326609,1945.7137746857275,51.18963777807966,train,ForgeGuard physics-informed generator
FGOE-05-0015,SIM-RM-01,ball,0.6374785880627281,1603.6645065618286,77.75390932647929,train,ForgeGuard physics-informed generator
FGOE-05-0016,SIM-RM-02,ball,0.7580387443008036,1746.1665000592488,82.43345345198559,train,ForgeGuard physics-informed generator
FGOE-05-0017,SIM-RM-03,ball,0.9383919531950563,1916.9377953193869,88.08955660293279,train,ForgeGuard physics-informed generator
FGOE-05-0018,SIM-RM-04,ball,0.2587289145588493,1769.2723879008051,71.02081363198715,train,ForgeGuard physics-informed generator
FGOE-05-0019,SIM-RM-05,ball,0.5355730012523956,2146.0285563103785,71.41610469321957,train,ForgeGuard physics-informed generator
FGOE-05-0020,SIM-RM-06,ball,0.5265050680283895,1444.071963089396,97.27594951727781,train,ForgeGuard physics-informed generator
FGOE-05-0021,SIM-RM-07,ball,0.9230847406787227,2032.5815982092204,45.45619094577056,train,ForgeGuard physics-informed generator
FGOE-05-0022,SIM-RM-08,ball,0.8512880023903996,1528.4417618218308,48.96793950296433,train,ForgeGuard physics-informed generator
FGOE-05-0023,SIM-RM-09,ball,0.5788606217223795,2262.5827441419315,49.8503185266311,validation,ForgeGuard physics-informed generator
FGOE-05-0024,SIM-RM-10,ball,0.5153368865261136,2083.49490456283,96.48560136675611,validation,ForgeGuard physics-informed generator
FGOE-05-0025,SIM-RM-11,ball,0.7617951836569568,1867.019486849429,86.92014873638144,test,ForgeGuard physics-informed generator
FGOE-05-0026,SIM-RM-12,ball,0.32323056776334264,2132.9601300260847,74.89536730490684,test,ForgeGuard physics-informed generator
FGOE-05-0027,SIM-RM-13,ball,0.8086682050728331,2253.9732908780397,95.59007775247197,test,ForgeGuard physics-informed generator
FGOE-05-0028,SIM-RM-00,ball,0.7705202555753563,1449.8624771607294,49.30781569570004,train,ForgeGuard physics-informed generator
FGOE-05-0029,SIM-RM-01,ball,0.5140012762489765,1373.1400945819464,103.54572435950958,train,ForgeGuard physics-informed generator
FGOE-05-0030,SIM-RM-02,ball,0.5262409217050575,2069.3125336908233,97.12997619416304,train,ForgeGuard physics-informed generator
FGOE-05-0031,SIM-RM-03,ball,0.6566925616236354,1669.132488599666,77.61187902287728,train,ForgeGuard physics-informed generator
FGOE-05-0032,SIM-RM-04,ball,0.9047669586965463,1759.1399776247972,77.1242329107396,train,ForgeGuard physics-informed generator
FGOE-05-0033,SIM-RM-05,ball,0.5140441880181027,1817.6402566265965,48.77195265254419,train,ForgeGuard physics-informed generator
FGOE-05-0034,SIM-RM-06,ball,0.36401005038818846,1744.1069825931186,44.17760851183539,train,ForgeGuard physics-informed generator
FGOE-05-0035,SIM-RM-07,ball,0.9184288742990653,2034.562073393677,58.76344279462319,train,ForgeGuard physics-informed generator
FGOE-05-0036,SIM-RM-08,ball,0.7774531941001805,1593.5967453586074,41.92471535733756,train,ForgeGuard physics-informed generator
FGOE-05-0037,SIM-RM-09,ball,0.39146167115183456,2231.0360519178703,54.46793498100415,validation,ForgeGuard physics-informed generator
FGOE-05-0038,SIM-RM-10,ball,0.5778916488727397,1535.7661348710872,71.54086109565586,validation,ForgeGuard physics-informed generator
FGOE-05-0039,SIM-RM-11,ball,0.5870439382283965,1609.4398398545343,38.16211818925985,test,ForgeGuard physics-informed generator
FGOE-05-0040,SIM-RM-12,ball,0.5968545896400328,2309.332347635608,80.67634405268643,test,ForgeGuard physics-informed generator
FGOE-05-0041,SIM-RM-13,ball,0.4563417647021799,1460.6920740296162,52.67054033847111,test,ForgeGuard physics-informed generator
FGOE-05-0042,SIM-RM-00,ball,0.8811492974965068,2114.8035526072345,96.36975580852335,train,ForgeGuard physics-informed generator
FGOE-05-0043,SIM-RM-01,ball,0.9170993929375869,2334.568608250754,103.76566781731727,train,ForgeGuard physics-informed generator
FGOE-05-0044,SIM-RM-02,ball,0.463126568533223,1421.8221405028844,44.645547514946365,train,ForgeGuard physics-informed generator
FGOE-05-0045,SIM-RM-03,ball,0.8420578704614997,1902.8982540644615,41.78845220938355,train,ForgeGuard physics-informed generator
FGOE-05-0046,SIM-RM-04,ball,0.3657179263571038,1966.756179077309,72.96550816115435,train,ForgeGuard physics-informed generator
FGOE-05-0047,SIM-RM-05,ball,0.846353210456359,1603.2554744001973,46.22184174875807,train,ForgeGuard physics-informed generator
FGOE-05-0048,SIM-RM-06,ball,0.457223004037018,1934.227860061218,86.45905992637434,train,ForgeGuard physics-informed generator
FGOE-05-0049,SIM-RM-07,ball,0.7820104802208244,1721.2526370882772,63.339847509857364,train,ForgeGuard physics-informed generator
FGOE-05-0050,SIM-RM-08,ball,0.9090771997166692,2122.352987674568,49.47694692598222,train,ForgeGuard physics-informed generator
FGOE-05-0051,SIM-RM-09,ball,0.3202769519548665,1470.6553374436864,97.72854576965412,validation,ForgeGuard physics-informed generator
FGOE-05-0052,SIM-RM-10,ball,0.3756444506422612,1614.5398111513111,94.253497524757,validation,ForgeGuard physics-informed generator
FGOE-05-0053,SIM-RM-11,ball,0.42168128111624675,1763.56793130997,66.49015099608883,test,ForgeGuard physics-informed generator
FGOE-05-0054,SIM-RM-12,ball,0.8622025978989002,2060.2452013359866,94.59342545815426,test,ForgeGuard physics-informed generator
FGOE-05-0055,SIM-RM-13,ball,0.423884482705956,1689.322145736561,72.15952760014702,test,ForgeGuard physics-informed generator
FGOE-06-0000,SIM-RM-00,lubrication,0.9080133075652602,1594.7965015501454,46.28778439963469,train,ForgeGuard physics-informed generator
FGOE-06-0001,SIM-RM-01,lubrication,0.6123630649014102,2237.98882860558,89.41510993293846,train,ForgeGuard physics-informed generator
FGOE-06-0002,SIM-RM-02,lubrication,0.6255976095039625,1840.6079155118719,72.08219663277487,train,ForgeGuard physics-informed generator
FGOE-06-0003,SIM-RM-03,lubrication,0.33796469700797516,1784.5630846976903,44.22283830244472,train,ForgeGuard physics-informed generator
FGOE-06-0004,SIM-RM-04,lubrication,0.9172438674336322,2302.2497158456836,68.74215317104455,train,ForgeGuard physics-informed generator
FGOE-06-0005,SIM-RM-05,lubrication,0.39540207734607746,1513.57687771011,73.80915864279535,train,ForgeGuard physics-informed generator
FGOE-06-0006,SIM-RM-06,lubrication,0.3332673175181479,1603.1846061266015,37.103820513282514,train,ForgeGuard physics-informed generator
FGOE-06-0007,SIM-RM-07,lubrication,0.6756904483402141,2266.8484076291957,57.507309403763216,train,ForgeGuard physics-informed generator
FGOE-06-0008,SIM-RM-08,lubrication,0.6223202639422476,1815.014131989273,63.03158716716948,train,ForgeGuard physics-informed generator
FGOE-06-0009,SIM-RM-09,lubrication,0.822815508092704,1537.2389446153416,104.20227289637036,validation,ForgeGuard physics-informed generator
FGOE-06-0010,SIM-RM-10,lubrication,0.35701398548843516,2091.6146327315155,67.81315079097666,validation,ForgeGuard physics-informed generator
FGOE-06-0011,SIM-RM-11,lubrication,0.28507468278785364,2270.665858273568,58.897094716720936,test,ForgeGuard physics-informed generator
FGOE-06-0012,SIM-RM-12,lubrication,0.6858961214917456,1692.4036768106287,90.6119921347119,test,ForgeGuard physics-informed generator
FGOE-06-0013,SIM-RM-13,lubrication,0.3983682277563798,2100.83858474486,90.55447687036641,test,ForgeGuard physics-informed generator
FGOE-06-0014,SIM-RM-00,lubrication,0.6973095544849152,2273.7833160931805,65.65927220442609,train,ForgeGuard physics-informed generator
FGOE-06-0015,SIM-RM-01,lubrication,0.44662747017490856,1352.308772586742,104.53579488878246,train,ForgeGuard physics-informed generator
FGOE-06-0016,SIM-RM-02,lubrication,0.34032104002742924,1412.0631065401553,67.07834290755598,train,ForgeGuard physics-informed generator
FGOE-06-0017,SIM-RM-03,lubrication,0.5250491740991632,1502.3267101575757,79.25979691211471,train,ForgeGuard physics-informed generator
FGOE-06-0018,SIM-RM-04,lubrication,0.7583260898687307,2271.852450154995,57.34095462256491,train,ForgeGuard physics-informed generator
FGOE-06-0019,SIM-RM-05,lubrication,0.6697867497011932,1811.0994301549076,81.19659107904951,train,ForgeGuard physics-informed generator
FGOE-06-0020,SIM-RM-06,lubrication,0.48989954992846907,1822.783972758998,101.5042766237106,train,ForgeGuard physics-informed generator
FGOE-06-0021,SIM-RM-07,lubrication,0.8422052929155361,1527.2355012492726,82.46658426158797,train,ForgeGuard physics-informed generator
FGOE-06-0022,SIM-RM-08,lubrication,0.8747413827811283,1390.2537399399237,66.47428818958764,train,ForgeGuard physics-informed generator
FGOE-06-0023,SIM-RM-09,lubrication,0.6219896681180705,2099.6186189228674,104.42654015483397,validation,ForgeGuard physics-informed generator
FGOE-06-0024,SIM-RM-10,lubrication,0.9132749197661946,2009.9957188011513,56.17361967965497,validation,ForgeGuard physics-informed generator
FGOE-06-0025,SIM-RM-11,lubrication,0.5321981428833573,1716.3354885565363,86.695749888064,test,ForgeGuard physics-informed generator
FGOE-06-0026,SIM-RM-12,lubrication,0.606253906225948,1911.8189300629992,85.38477745150823,test,ForgeGuard physics-informed generator
FGOE-06-0027,SIM-RM-13,lubrication,0.7029502587003276,2257.0863269095084,64.35106915494671,test,ForgeGuard physics-informed generator
FGOE-06-0028,SIM-RM-00,lubrication,0.5580350757634867,1692.3624333000541,63.57096677617091,train,ForgeGuard physics-informed generator
FGOE-06-0029,SIM-RM-01,lubrication,0.7172429462027305,1475.8070183122852,41.42065753413047,train,ForgeGuard physics-informed generator
FGOE-06-0030,SIM-RM-02,lubrication,0.26383651173988415,2005.5177383430523,81.40367999470666,train,ForgeGuard physics-informed generator
FGOE-06-0031,SIM-RM-03,lubrication,0.7947059957808086,1676.5468426717798,48.84668930814378,train,ForgeGuard physics-informed generator
FGOE-06-0032,SIM-RM-04,lubrication,0.7174944111935904,2210.63040139613,52.26762640583031,train,ForgeGuard physics-informed generator
FGOE-06-0033,SIM-RM-05,lubrication,0.3470581473633937,1479.3628034582744,54.26067679211994,train,ForgeGuard physics-informed generator
FGOE-06-0034,SIM-RM-06,lubrication,0.8872288371296767,1633.5207665992293,82.23155831444944,train,ForgeGuard physics-informed generator
FGOE-06-0035,SIM-RM-07,lubrication,0.7409737708704025,1552.522407924186,72.94553244655035,train,ForgeGuard physics-informed generator
FGOE-06-0036,SIM-RM-08,lubrication,0.4285748517191665,2302.922468485566,77.70423380210217,train,ForgeGuard physics-informed generator
FGOE-06-0037,SIM-RM-09,lubrication,0.9332898734841953,1975.4781569139363,57.43438131746113,validation,ForgeGuard physics-informed generator
FGOE-06-0038,SIM-RM-10,lubrication,0.2662593076427309,1749.676135163637,82.979940453271,validation,ForgeGuard physics-informed generator
FGOE-06-0039,SIM-RM-11,lubrication,0.677159211103272,1750.0614461347554,96.25753293257581,test,ForgeGuard physics-informed generator
FGOE-06-0040,SIM-RM-12,lubrication,0.8477890633030604,1793.9428863959763,100.51562496050082,test,ForgeGuard physics-informed generator
FGOE-06-0041,SIM-RM-13,lubrication,0.5928769792647239,1672.2156738229382,73.11838814289376,test,ForgeGuard physics-informed generator
FGOE-06-0042,SIM-RM-00,lubrication,0.42094350053612173,1982.2025001148622,58.38778868711289,train,ForgeGuard physics-informed generator
FGOE-06-0043,SIM-RM-01,lubrication,0.8403260200333853,2262.6718352555363,99.67121496489544,train,ForgeGuard physics-informed generator
FGOE-06-0044,SIM-RM-02,lubrication,0.7852670599933997,2328.204430764561,87.1494068045782,train,ForgeGuard physics-informed generator
FGOE-06-0045,SIM-RM-03,lubrication,0.5695165361599901,2112.5900919626406,68.64253416596145,train,ForgeGuard physics-informed generator
FGOE-06-0046,SIM-RM-04,lubrication,0.4525240952716342,1590.226276149003,80.13734360515033,train,ForgeGuard physics-informed generator
FGOE-06-0047,SIM-RM-05,lubrication,0.5369876717575301,1607.8084097023543,76.01729618672383,train,ForgeGuard physics-informed generator
FGOE-06-0048,SIM-RM-06,lubrication,0.8523989435060632,1568.8566087946322,92.12392117269818,train,ForgeGuard physics-informed generator
FGOE-06-0049,SIM-RM-07,lubrication,0.4852909779705616,1517.699519677781,35.52549229599999,train,ForgeGuard physics-informed generator
FGOE-06-0050,SIM-RM-08,lubrication,0.34683034908123445,2147.5108356807523,93.7421706364027,train,ForgeGuard physics-informed generator
FGOE-06-0051,SIM-RM-09,lubrication,0.5230438131095705,2124.335901183051,43.09929171166006,validation,ForgeGuard physics-informed generator
FGOE-06-0052,SIM-RM-10,lubrication,0.3577745078043385,2348.609515011916,48.481357626163685,validation,ForgeGuard physics-informed generator
FGOE-06-0053,SIM-RM-11,lubrication,0.9030305476892773,1772.8003325467935,78.3767968178903,test,ForgeGuard physics-informed generator
FGOE-06-0054,SIM-RM-12,lubrication,0.34659826214353373,2330.8211455330343,39.87484456139762,test,ForgeGuard physics-informed generator
FGOE-06-0055,SIM-RM-13,lubrication,0.8693943416544524,2140.737973895994,53.94425065896023,test,ForgeGuard physics-informed generator
FGOE-07-0000,SIM-RM-00,looseness,0.8327704994468049,2013.4532572290868,42.8291361666474,train,ForgeGuard physics-informed generator
FGOE-07-0001,SIM-RM-01,looseness,0.636529449991531,1526.3563800080758,64.64467762757576,train,ForgeGuard physics-informed generator
FGOE-07-0002,SIM-RM-02,looseness,0.7068807144084785,1850.7661490802784,83.03140409306053,train,ForgeGuard physics-informed generator
FGOE-07-0003,SIM-RM-03,looseness,0.6115215818449486,2342.0420055280547,104.95953364569314,train,ForgeGuard physics-informed generator
FGOE-07-0004,SIM-RM-04,looseness,0.9336648547516124,1445.199086960864,85.94903092781028,train,ForgeGuard physics-informed generator
FGOE-07-0005,SIM-RM-05,looseness,0.5473438473708192,1668.3263876290202,67.28462200863017,train,ForgeGuard physics-informed generator
FGOE-07-0006,SIM-RM-06,looseness,0.49733638654792744,1401.4191545569292,82.05851018564114,train,ForgeGuard physics-informed generator
FGOE-07-0007,SIM-RM-07,looseness,0.8248615506184918,2137.463874631502,93.24840526973902,train,ForgeGuard physics-informed generator
FGOE-07-0008,SIM-RM-08,looseness,0.7741745457669383,1766.6659980398802,57.50819775686297,train,ForgeGuard physics-informed generator
FGOE-07-0009,SIM-RM-09,looseness,0.8751217136754121,2151.389433842723,69.38802124739563,validation,ForgeGuard physics-informed generator
FGOE-07-0010,SIM-RM-10,looseness,0.31726666308031687,1493.9086960785583,96.53481457612722,validation,ForgeGuard physics-informed generator
FGOE-07-0011,SIM-RM-11,looseness,0.2972629361311905,1503.525522054614,72.36880092917723,test,ForgeGuard physics-informed generator
FGOE-07-0012,SIM-RM-12,looseness,0.5554216617859842,1402.8071014001102,35.036312091599385,test,ForgeGuard physics-informed generator
FGOE-07-0013,SIM-RM-13,looseness,0.7065803245260988,2124.6238812922297,37.4386845195941,test,ForgeGuard physics-informed generator
FGOE-07-0014,SIM-RM-00,looseness,0.35280461437498295,2173.1273174161865,46.76005940045098,train,ForgeGuard physics-informed generator
FGOE-07-0015,SIM-RM-01,looseness,0.6272592363849308,2210.800973620536,92.61872269650664,train,ForgeGuard physics-informed generator
FGOE-07-0016,SIM-RM-02,looseness,0.526137062557128,2169.1998792939803,41.49292541971463,train,ForgeGuard physics-informed generator
FGOE-07-0017,SIM-RM-03,looseness,0.7766302401034869,2087.797556106373,53.021637152677435,train,ForgeGuard physics-informed generator
FGOE-07-0018,SIM-RM-04,looseness,0.5752757465001307,1854.178604390814,87.51861915637632,train,ForgeGuard physics-informed generator
FGOE-07-0019,SIM-RM-05,looseness,0.3958655390045105,1717.9043402218176,50.34324515350426,train,ForgeGuard physics-informed generator
FGOE-07-0020,SIM-RM-06,looseness,0.3101876450776616,2101.4908105713957,43.323724362377234,train,ForgeGuard physics-informed generator
FGOE-07-0021,SIM-RM-07,looseness,0.8261753359648298,1526.29136502213,47.27425580177453,train,ForgeGuard physics-informed generator
FGOE-07-0022,SIM-RM-08,looseness,0.34604788045342866,1748.5066234742123,104.32719201523376,train,ForgeGuard physics-informed generator
FGOE-07-0023,SIM-RM-09,looseness,0.5250427236879518,2003.5398256936433,66.41106550408755,validation,ForgeGuard physics-informed generator
FGOE-07-0024,SIM-RM-10,looseness,0.861001271141925,2225.084199054082,103.29169520798797,validation,ForgeGuard physics-informed generator
FGOE-07-0025,SIM-RM-11,looseness,0.7092517153665443,1542.300679035133,50.455854484625384,test,ForgeGuard physics-informed generator
FGOE-07-0026,SIM-RM-12,looseness,0.6464944555667512,1639.0835816381916,86.43075915464058,test,ForgeGuard physics-informed generator
FGOE-07-0027,SIM-RM-13,looseness,0.7473729402198744,1900.908768490403,92.998284738715,test,ForgeGuard physics-informed generator
FGOE-07-0028,SIM-RM-00,looseness,0.671090916719211,1376.5777649972918,38.4621396002211,train,ForgeGuard physics-informed generator
FGOE-07-0029,SIM-RM-01,looseness,0.5430592611203611,1836.1920756222755,53.2129258740094,train,ForgeGuard physics-informed generator
FGOE-07-0030,SIM-RM-02,looseness,0.6428561475230309,2107.9103187328606,92.86280392605511,train,ForgeGuard physics-informed generator
FGOE-07-0031,SIM-RM-03,looseness,0.6153429295384774,1735.369480857103,53.94877330465749,train,ForgeGuard physics-informed generator
FGOE-07-0032,SIM-RM-04,looseness,0.7236566677567463,1664.7496185643809,74.4866595933056,train,ForgeGuard physics-informed generator
FGOE-07-0033,SIM-RM-05,looseness,0.39859399718852007,1416.0792109193949,35.07472255159231,train,ForgeGuard physics-informed generator
FGOE-07-0034,SIM-RM-06,looseness,0.370372246355916,2244.511497718781,80.24035342599913,train,ForgeGuard physics-informed generator
FGOE-07-0035,SIM-RM-07,looseness,0.5832642296750624,2240.263961823619,67.8969158201138,train,ForgeGuard physics-informed generator
FGOE-07-0036,SIM-RM-08,looseness,0.40062479224010294,2285.541943842655,39.1640684528338,train,ForgeGuard physics-informed generator
FGOE-07-0037,SIM-RM-09,looseness,0.7256689064462705,1935.7713251547225,48.684055670740285,validation,ForgeGuard physics-informed generator
FGOE-07-0038,SIM-RM-10,looseness,0.39488961174858783,1564.0922893367201,41.940987941917,validation,ForgeGuard physics-informed generator
FGOE-07-0039,SIM-RM-11,looseness,0.3442844174463431,1772.7340342720622,47.329680942115594,test,ForgeGuard physics-informed generator
FGOE-07-0040,SIM-RM-12,looseness,0.5025310805627775,2210.2818862189406,57.42780425181155,test,ForgeGuard physics-informed generator
FGOE-07-0041,SIM-RM-13,looseness,0.43536502412510575,1405.2704095012277,60.01587364514379,test,ForgeGuard physics-informed generator
FGOE-07-0042,SIM-RM-00,looseness,0.8718558171439883,1960.4850673417886,49.37732083706847,train,ForgeGuard physics-informed generator
FGOE-07-0043,SIM-RM-01,looseness,0.32518206940200406,2279.666620919555,41.98817400237532,train,ForgeGuard physics-informed generator
FGOE-07-0044,SIM-RM-02,looseness,0.335378274946736,1465.326438110988,78.36984794172184,train,ForgeGuard physics-informed generator
FGOE-07-0045,SIM-RM-03,looseness,0.8238662007666168,2202.3823179302663,87.79900604565248,train,ForgeGuard physics-informed generator
FGOE-07-0046,SIM-RM-04,looseness,0.28092257206091287,1876.0605268860209,104.76740480634074,train,ForgeGuard physics-informed generator
FGOE-07-0047,SIM-RM-05,looseness,0.9140518490988487,1751.2649641861133,57.67556682563453,train,ForgeGuard physics-informed generator
FGOE-07-0048,SIM-RM-06,looseness,0.3692388355609632,1926.860958497593,91.43336758113077,train,ForgeGuard physics-informed generator
FGOE-07-0049,SIM-RM-07,looseness,0.595570453389452,2328.634143900439,69.90476828134206,train,ForgeGuard physics-informed generator
FGOE-07-0050,SIM-RM-08,looseness,0.528267517188495,2320.8847285457377,61.651265285200154,train,ForgeGuard physics-informed generator
FGOE-07-0051,SIM-RM-09,looseness,0.47475993848829845,1934.7527028049367,43.963682738345085,validation,ForgeGuard physics-informed generator
FGOE-07-0052,SIM-RM-10,looseness,0.856301224431714,1543.2083224451305,42.22984353749347,validation,ForgeGuard physics-informed generator
FGOE-07-0053,SIM-RM-11,looseness,0.5360685641566989,1939.331166127476,60.10709540695379,test,ForgeGuard physics-informed generator
FGOE-07-0054,SIM-RM-12,looseness,0.8987385740422953,1781.5190036873546,79.32044275012966,test,ForgeGuard physics-informed generator
FGOE-07-0055,SIM-RM-13,looseness,0.48048372171843867,2282.7796196569825,62.40443856714644,test,ForgeGuard physics-informed generator
